id;nombre;tipo_dcoumento;num_documento;email;num_telefono
1;Card;CC;Handmade generating;Norbert_Runolfsson23@yahoo.com;Green virtual
2;capability Quality Up-sized;CC;local;Garnet.McClure39@gmail.com;Accounts initiatives transmitter
3;matrix digital bottom-line;CC;driver;Marianna_Mayer@hotmail.com;digital e-business
4;transitional Switchable;CC;navigate transitional;Aracely50@hotmail.com;Home Research Architect
5;set;PASAPORTE;pixel;German.Herzog@yahoo.com;Indonesia
6;Cheese withdrawal auxiliary;PASAPORTE;Cambridgeshire deposit payment;Chauncey_Beer58@yahoo.com;Metal synergize framework
7;Investment Tuna Orchestrator;CC;synergy Jewelery Garden;Kenyon.Rempel45@yahoo.com;Salad Loan mobile
8;Security Wooden Loan;CC;Cotton Electronics;Boyd37@hotmail.com;Lodge
9;Cambridgeshire;CE;parallelism Rubber;Roslyn_Powlowski30@hotmail.com;invoice withdrawal Cambridgeshire
10;1080p;NIT;Customer primary Account;Ryleigh1@yahoo.com;Sudanese
