id;direccion;ciudad;barrio
1;communities;Alabama hack payment;programming Chips transmit
2;Licensed Metrics Frozen;National bandwidth-monitored Venezuela;forecast
3;Tasty;Hong;deposit
4;Incredible withdrawal Vatu;Concrete programming;e-enable hacking Card
5;Strategist B2B scale;open-source;fresh-thinking
6;Yuan;Branding;monitoring
7;CSS;Republic empower;Internal
8;Avon Baby interface;e-enable;Unbranded Spurs
9;Litas Open-architected;SDD holistic invoice;Bedfordshire Generic
10;Account;District;transparent maroon
